<?xml version="1.0" encoding="UTF-8"?>
<!DOCTYPE mapper PUBLIC "-//mybatis.org//DTD Mapper 3.0//EN"
	"http://mybatis.org/dtd/mybatis-3-mapper.dtd">
<mapper namespace="com.mini.mapper.LoginMapper">
	<select id="selectUserInfo" parameterType="hashmap" resultType="com.mini.model.User">
		SELECT id, name, nick, ustatus
		FROM T3_USER
		WHERE ID = #{id} AND PASSWD = #{passwd}
	</select>
	
	<select id="selectCntUser" parameterType="hashmap" resultType="int">
		SELECT COUNT(ID) AS CNT
		FROM T3_USER
		WHERE ID = #{id}
			<if test="passwd != '' and passwd != null">
				AND PASSWD = #{passwd}
			</if>
	</select>
	
	<select id="selectCntQuiz" parameterType="hashmap" resultType="int">
		SELECT COUNT(ID) AS CNT
		FROM T3_USER
		WHERE ID = #{id} 
			AND QUIZ = (
				SELECT CNUM
				FROM T3_DESC
				WHERE CINFO = #{quiz}
			)
			AND ANSWER = #{answer}
	</select>
	
	<select id="selectQuizList" parameterType="hashmap" resultType="com.mini.model.Desc">
		SELECT CINFO, CNUM
		FROM T3_DESC 
		WHERE CID = "QUIZ"
	</select>
	
	<select id="selectQuiz" parameterType="hashmap" resultType="com.mini.model.User">
		SELECT ID, D.CINFO AS QUIZ, ANSWER
		FROM T3_USER U
		LEFT JOIN T3_DESC D ON U.QUIZ = D.CNUM
		WHERE ID = #{id} AND NAME = #{name} AND EMAIL = #{email}
	</select>
	
	<select id="selectId" parameterType="hashmap" resultType="com.mini.model.User">
		SELECT ID
		FROM T3_USER
		WHERE NAME = #{name} AND EMAIL = #{email}
	</select>
	
	<update id="updatePwd" parameterType="hashmap">
		UPDATE T3_USER
		SET PASSWD = #{passwd}
		WHERE ID = #{id}
	</update>
	
	<insert id="insertAccount" parameterType="hashmap">
		INSERT INTO T3_USER VALUES(
						   #{id}, 
						   #{passwd},
                           #{name},
                           #{nick},
						   #{gender},
                           #{birth},
                           #{phone},
                           #{email},
						   #{addr},
                           #{quiz},
                           #{answer},
                           30,
                           30,
                           0,
						   0,
						   0,
						   0,
                           "Y",
                           "N",
                           "N",
                           "N",
                           "1",
                           NOW()
		);
	</insert>
</mapper>