<?xml version="1.0" encoding="UTF-8"?>
<!DOCTYPE mapper PUBLIC "-//mybatis.org//DTD Mapper 3.0//EN"
	"http://mybatis.org/dtd/mybatis-3-mapper.dtd">
<mapper namespace="com.mini.mapper.BoardMapper">
	<select id="selectUserlist" parameterType="hashmap" resultType="com.mini.model.User">
	SELECT
		ID,
		PASSWD,
		NAME,
		NICK,
		GENDER,
		BIRTH,
		PHONE,
		EMAIL,
		ADDR,
		GRADE,
		CGRADE,
		POINT,
		BANCNT1,
		BANCNT2,
		PWCONT,
		AUTH1YN,
		AUTH2YN,
		CREAFLG,
		ADMINFLG,
		USTATUS
	FROM T3_USER
	</select>
<!-- trade.do -->
<!-- 게시글 리스트 -->
<select id="selectTbrdListInfo" parameterType="hashmap" resultType="com.mini.model.TbrdList">
	SELECT
		B.TBNO AS TBNO,
		ID,
		BPRICE,
		substring(BTITLE,1,8) AS BTITLE,
		HITS,
		LIKES,
		D1.CINFO AS BRDNAME,
		D2.CINFO AS KINDNAME,
		D3.CINFO AS CATE1NAME,
		D4.CINFO AS CATE2NAME,
		D5.CINFO AS CATE3NAME,
		D7.CINFO AS BSTATUSNAME,
		T1.PATH AS PATH,
		CDATE,
		UDATE,
		DELYN
	FROM T3_TBRD B
	INNER JOIN T3_DESC D1 ON B.BRDFLG = D1.CNUM
	INNER JOIN T3_DESC D2 ON B.KIND = D2.CNUM
	INNER JOIN T3_DESC D3 ON B.CATE1 = D3.CNUM
	INNER JOIN T3_DESC D4 ON B.CATE2 = D4.CNUM
	INNER JOIN T3_DESC D5 ON B.CATE3 = D5.CNUM
	INNER JOIN T3_DESC D7 ON B.BSTATUS = D7.CNUM
	LEFT JOIN (SELECT TBNO,PATH,REP FROM T3_TIMG WHERE REP='Y') T1 ON B.TBNO = T1.TBNO
	WHERE DELYN="N"
	<choose>
		<when test="cate1 !=null and cate2!=null and cate3!=null">
			AND CATE1=#{cate1} AND CATE2=#{cate2} AND CATE3=#{cate3}
			ORDER BY TBNO DESC LIMIT #{startNum}, #{lastNum} 
		</when>
		<when test="cate1 !=null and cate2!=null and cate3==null">
			AND CATE1=#{cate1} AND CATE2=#{cate2}
			ORDER BY TBNO DESC LIMIT #{startNum}, #{lastNum}
		</when>
		<when test="cate1 !=null and cate2==null and cate3==null">
			AND CATE1=#{cate1}
			ORDER BY TBNO DESC LIMIT #{startNum}, #{lastNum}
		</when>
		<otherwise>
		ORDER BY TBNO DESC LIMIT #{startNum}, #{lastNum}
		</otherwise>
	</choose>
</select>
<!-- 게시글 찜 리스트 -->
<select id="selectjimtbnoList" parameterType="hashmap" resultType="com.mini.model.TbrdList">
	SELECT 
		T.TBNO AS TBNO,
		COUNT(JJNO) AS SUMJIMCNT
	FROM T3_TBRD T
	LEFT JOIN T3_JJIM J ON T.TBNO=J.TBNO
	GROUP BY T.TBNO
</select>


<!-- 게시글 전체 수 -->
<select id="selectTbrdListCnt" parameterType="hashmap" resultType="int">
	SELECT
		COUNT(TBNO) AS TBRDCNT
	FROM T3_TBRD
	WHERE DELYN="N"
	<choose>
		<when test="cate1 !=null and cate2!=null and cate3!=null">
			AND CATE1=#{cate1} AND CATE2=#{cate2} AND CATE3=#{cate3}
		</when>
		<when test="cate1 !=null and cate2!=null and cate3==null">
			AND CATE1=#{cate1} AND CATE2=#{cate2}
		</when>
		<when test="cate1 !=null and cate2==null and cate3==null">
			AND CATE1=#{cate1}
		</when>
		<otherwise>
		</otherwise>
	</choose>
</select>

<!-- tradeadd.do -->
<!-- 카테고리 리스트  -->
<select id="selectTbrdListbrdf" parameterType="hashmap" resultType="com.mini.model.DescList">
	SELECT 
		CNUM,
		CINFO
	FROM T3_DESC WHERE CID="BRDFLG"

</select>
<select id="selectTbrdListkindf" parameterType="hashmap" resultType="com.mini.model.DescList">
	SELECT 
		CNUM,
		CINFO
	FROM T3_DESC WHERE CID="KIND" AND PCOMM1=#{pcomm1}

</select>
<select id="selectTbrdListcate1" parameterType="hashmap" resultType="com.mini.model.DescList">
	SELECT 
		CNUM,
		CINFO
	FROM T3_DESC WHERE CID="CATE1"

</select>
<select id="selectTbrdListcate2" parameterType="hashmap" resultType="com.mini.model.DescList">
	SELECT 
		CNUM,
		CINFO,
		PCOMM1
	FROM T3_DESC WHERE CID="CATE2" AND PCOMM1=#{pcomm1}

</select>

<select id="selectTbrdListcate3" parameterType="hashmap" resultType="com.mini.model.DescList">
	SELECT 
		CNUM,
		CINFO
	FROM T3_DESC WHERE CID="CATE3"

</select>
<select id="selectUserInfo" parameterType="hashmap" resultType="com.mini.model.User">
	SELECT 
	PHONE,
	EMAIL,
	CREAFLG
	FROM T3_USER WHERE ID=#{userid}
</select>


<select id="selectTbrdListlocal1" parameterType="hashmap" resultType="com.mini.model.Area">
	SELECT 
		DISTINCT(si) AS si
	FROM T_AREA;

</select>
<select id="selectTbrdListlocal2" parameterType="hashmap" resultType="com.mini.model.Area">
	SELECT 
		DISTINCT(gu) AS gu
	FROM T_AREA WHERE si=#{local1name}
	ORDER BY gu ASC
</select>
<select id="selectTbrdListlocal3" parameterType="hashmap" resultType="com.mini.model.Area">
	SELECT 
		DISTINCT(dong) AS dong
	FROM T_AREA WHERE si=#{local1name} and gu=#{local2name}
	ORDER BY dong ASC
</select>

<!-- 게시글 등록 -->
<!-- 호출한 맵 안에 값이 들어감 map.put("tbno",리턴값) 형태로 -->
<insert id="TradeAdd" parameterType="hashmap" useGeneratedKeys="true" keyProperty="tbno" keyColumn="TBNO">
	INSERT INTO T3_TBRD
	VALUES (NULL, #{id}, #{bprice}, #{btitle}, #{bcont}, 0, 0,
		#{brdflg}, #{kind}, #{cate1}, #{cate2}, #{cate3},
		#{bprod}, #{bpros}, #{bstatus}, #{bpur}, #{bbox},
		#{brcpt}, #{bcms}, #{local1}, #{local2}, #{local3},
		NOW(), NULL, 'N')
</insert>
<!-- 이미지 등록 -->
<insert id="TradeImgAdd" parameterType="hashmap">
	INSERT INTO T3_TIMG
	VALUES (NULL,#{tbno},#{path},"Y")

</insert>

<!-- tradeview.do -->
<!-- 게시글 상세 -->
<select id="selectTbrdInfo" parameterType="hashmap" resultType="com.mini.model.TbrdList">
	SELECT
		B.TBNO AS TBNO,
		U.ID AS ID,
		NICK,
		PHONE,
		EMAIL,
		BPRICE,
		BTITLE,
		BCONT,
		HITS,
		LIKES,
		GRADE,
		D1.CINFO AS BRDNAME,
		D2.CINFO AS KINDNAME,
		D3.CINFO AS CATE1NAME,
		D4.CINFO AS CATE2NAME,
		D5.CINFO AS CATE3NAME,
		D6.CINFO AS BPRODNAME,
		D7.CINFO AS BPROSNAME,
		BSTATUS,
		D8.CINFO AS BSTATUSNAME,
		D9.CINFO AS BPURNAME,
		D10.CINFO AS BBOXNAME,
		D11.CINFO AS BRCPTNAME,
		D12.CINFO AS BCMSNAME,
		LOCAL1 AS LOCAL1NAME,
		LOCAL2 AS LOCAL2NAME,
		LOCAL3 AS LOCAL3NAME,
		T1.PATH AS PATH,
		B.CDATE AS CDATE,
		UDATE,
		DELYN
	FROM T3_TBRD B
	INNER JOIN T3_USER U ON B.ID = U.ID
	INNER JOIN T3_DESC D1 ON B.BRDFLG = D1.CNUM
	INNER JOIN T3_DESC D2 ON B.KIND = D2.CNUM
	INNER JOIN T3_DESC D3 ON B.CATE1 = D3.CNUM
	INNER JOIN T3_DESC D4 ON B.CATE2 = D4.CNUM
	INNER JOIN T3_DESC D5 ON B.CATE3 = D5.CNUM
	LEFT JOIN T3_DESC D6 ON B.BPROD = D6.CNUM
	LEFT JOIN T3_DESC D7 ON B.BPROS = D7.CNUM
	LEFT JOIN T3_DESC D8 ON B.BSTATUS = D8.CNUM
	LEFT JOIN T3_DESC D9 ON B.BPUR = D9.CNUM
	LEFT JOIN T3_DESC D10 ON B.BBOX = D10.CNUM
	LEFT JOIN T3_DESC D11 ON B.BRCPT = D11.CNUM
	LEFT JOIN T3_DESC D12 ON B.BCMS = D12.CNUM
	LEFT JOIN (SELECT TBNO,PATH,REP FROM T3_TIMG WHERE REP='Y') T1 ON B.TBNO = T1.TBNO
	WHERE B.TBNO = #{tbno}
	ORDER BY TBNO DESC
</select>

<!-- 게시글 상세 거래 상태 변경 -->
<update id="TbrdbstModify"  parameterType="hashmap" >
	UPDATE T3_TBRD
	SET BSTATUS=#{bstatus}
	WHERE TBNO= #{tbno}
</update>
<!-- 찜등록 -->
<insert id="jimAdd" parameterType="hashmap" >
	INSERT INTO T3_JJIM
	VALUES(NULL,#{id},#{tbno});;
</insert>
<!-- 찜등록시 게시글에 likes 수 증가 -->
<update id="likeAdd" parameterType="hashmap" >
	UPDATE T3_TBRD
		SET LIKES=LIKES+1
	WHERE TBNO=#{tbno}
</update>

<!-- 게시글 찜 갯수 -->
<select id="selectjimcnt" parameterType="hashmap" resultType="int">
	SELECT COUNT(JJNO) AS JIMCNT
	FROM T3_JJIM 
	WHERE TBNO=#{tbno}
</select>
<!-- 사용자 찜 체크 -->
<select id="jimCnt" parameterType="hashmap" resultType="int">
	SELECT COUNT(JJNO) AS JIMCNT
	FROM T3_JJIM 
	WHERE ID=#{id} AND TBNO=#{tbno}
</select>

<!-- 찜삭제 -->
<delete id="jimDel" parameterType="hashmap" >
	DELETE 
	FROM T3_JJIM 
	WHERE ID=#{id} AND TBNO=#{tbno}
</delete>

<!-- 찜등록시 게시글에 likes 수 감소 -->
<update id="likeDel" parameterType="hashmap" >
	UPDATE T3_TBRD
		SET LIKES=LIKES-1
	WHERE TBNO=#{tbno}
</update>

<update id="BrdDel"  parameterType="hashmap" >
	UPDATE T3_TBRD
	SET DELYN="Y"
	WHERE TBNO= #{tbno}
</update>

<!-- 게시글 상세 댓글 -->
<insert id="TbrdcommAdd"  parameterType="hashmap" >
	INSERT INTO T3_CMRE 
	VALUES (NULL,#{tbno},NULL,#{id},#{conetent},NULL,NOW(),NULL,NULL,'0','N','N')
</insert>

<!-- 게시글 댓글 리스트 -->
<select id="selectsumcnt" parameterType="hashmap" resultType="int">
	SELECT COUNT(CNO) AS CNT
	FROM T3_CMRE 
	WHERE TBNO=#{tbno};
</select>

<select id="selectTbrdcomm" parameterType="hashmap" resultType="com.mini.model.Cmre">
SELECT 
	CNO,
	TBNO,
	CBNO,
	ID,
	CONTE,
	RECONTE,
	CDATE,
	UDATE,
	RECNO,
	REVWFLG,
	SHOWYN,
	DELYN
FROM T3_CMRE 
WHERE TBNO=#{tbno}
ORDER BY CNO ASC
</select>




</mapper>