<?xml version="1.0" encoding="UTF-8"?>
<!DOCTYPE mapper PUBLIC "-//mybatis.org//DTD Mapper 3.0//EN"
	"http://mybatis.org/dtd/mybatis-3-mapper.dtd">
<mapper namespace="com.mini.mapper.AdminMapper">

	<select id="selectAdminInfo" parameterType="hashmap" resultType="com.mini.model.User">
		SELECT
			ID,
			NAME,
			NICK,
			ADDR,
			PHONE,
			EMAIL,
			ADMINFLG,
			USTATUS
		FROM T3_USER
		WHERE ID = #{id} AND PASSWD = #{pw}
	</select>
	
	<insert id="insertAdmin" parameterType="hashmap">
		INSERT INTO T3_USER
		VALUES (#{id} , #{pw} , #{name} , #{nick} , NULL , NULL , #{phone} , #{email} , 0 , 0 , 0 , 0 , 0 , 0 , 0 , 0 , 0 , 0 , 'Y','N', 'Y' , 1 , NOW() )
	</insert>
	
	<select id="selectAdminCnt" parameterType="hashmap" resultType="int">
		SELECT COUNT(*) AS CNT
		FROM T3_USER
		WHERE ID = #{id}
	</select>

	<select id="selectMyAdmin" parameterType="hashmap" resultType="com.mini.model.User">
		SELECT
			ID,
			NAME,
			NICK,
			ADDR,
			PHONE,
			EMAIL,
			ADMINFLG,
			USTATUS
		FROM T3_USER
		WHERE ID = #{id}
	</select>
	
	<select id="selectNoticeList" parameterType="hashmap" resultType="com.mini.model.Notice">
		SELECT
			ABNO,
			ATITLE,
			ID,
			CDATE,
			HITS
		FROM T3_ABRD
	</select>
	
	<delete id="deleteNotice" parameterType="hashmap">
		DELETE FROM mini_db2.T3_ABRD
		WHERE ABNO = #{abNo}
	</delete>
	
		
	<insert id="insertNotice" parameterType="hashmap">
		INSERT INTO mini_db2.T3_ABRD (ABNO, ID, CATE0, ATITLE, ACONT, HITS, CDATE, UDATE, DELYN) 
		VALUES (#{abNo}, #{id}, "CA1" , #{title}, #{content}, 0 , NOW() , NOW(), 'N')
	</insert>
	
	<select id="getNotice" parameterType="hashmap" resultType="com.mini.model.Notice">
		SELECT
			ABNO,
			ID,
			ATITLE,
			ACONT,
			UDATE,
			HITS   
		FROM mini_db2.T3_ABRD		
		WHERE ABNO = #{abNo}
	</select>
	
	<update id="updateNotice" parameterType="hashmap">
		UPDATE mini_db2.T3_ABRD	
		SET
			ATITLE = #{title},
			ACONT = #{content},
			UDATE = NOW()
		WHERE ABNO = #{abNo}
	</update>
	
	<update id="updateNoticeCnt" parameterType="hashmap">
		UPDATE mini_db2.T3_ABRD	
		SET
			HITS = HITS + 1
		WHERE ABNO = #{abNo}
		
	</update>
	
	<insert id="insertNoticeComment" parameterType="hashmap">
		INSERT INTO T3_CMRE (TBNO , ID , CONTE , RECONTE , CDATE , UDATE , RECNO , REVWFLG , SHOWYN , DELYN)
		VALUES
			(#{tbNo}, #{id}, #{comment}, null, NOW(), NOW() , 0 , 0 , 'Y' , 'N')
	</insert>
	
	<select id="selectNoticeCommentList" parameterType="hashmap" resultType="com.mini.model.Notice">
		SELECT 
			CNO,
			TBNO,
			ID,
			CONTE,
			RECONTE,
			CDATE,
			UDATE,
			RECNO,
			DELYN
		FROM 
			mini_db2.T3_CMRE
		WHERE TBNO = #{tbNo}
		ORDER BY CDATE ASC
	</select>
	
	<update id="deleteNoticeComment" parameterType="hashmap">
		UPDATE T3_CMRE
		SET
			DELYN = 'Y',
			UDATE = SYSDATE
		WHERE CNO = #{commentList}
	</update>
	
	<update id="updateNoticeComment" parameterType="hashmap">
		UPDATE T3_CMRE
		SET
			CONTEN = #{content},
			UDATE = SYSDATE
		WHERE CNO = #{commentList}
	</update>
	
		
	<select id="blackList" parameterType="hashmap" resultType="com.mini.model.Notice">
		SELECT 
			BANO,
			BAN.ID,
			TBNO,
			CNO,
			CONTENT,
			BAN.ADATE
		FROM 
			mini_db2.T3_BAN BAN
		INNER JOIN T3_USER USER ON USER.ID = BAN.ID
		WHERE 1=1
		<if test="keyword != '' and keyword != null">
			AND CONTENT LIKE CONCAT('%', #{keyword}, '%') OR BAN.ID LIKE CONCAT('%', #{keyword}, '%')
		</if>
		ORDER BY CDATE ASC
	</select>
	
	<!-- 블랙리스트 승인 -->
	<update id="updateBlackBan" parameterType="hashmap">
		UPDATE T3_USER
		SET
			USTATUS = #{status}
		WHERE id = #{id}
	</update>
	
	<!-- 관리자 페이지 승인 목록 -->
	
	<select id="recogCreator" parameterType="hashmap" resultType="com.mini.model.Notice">
		SELECT 
			CRENO,
			ID,
			CRETITLE,
			CRECONT,
			CDATE,
			CREYN,
			DELYN
		FROM 
			mini_db2.T3_CREBRD
		WHERE CREYN = 'N' AND DELYN = 'N'
		ORDER BY CDATE ASC
	</select>
	
	<!-- 관리자 페이지 신고 처리 갯수 -->
	
	<select id="blackCnt" parameterType="hashmap" resultType="int">
		SELECT COUNT(*)
			
		FROM 
			mini_db2.T3_BAN
		
	</select>
	
	<!-- 관리자 페이지 크리에이터 승인 대기 갯수 -->
	
	<select id="recogCnt" parameterType="hashmap" resultType="int">
		SELECT COUNT(*)
			
		FROM 
			mini_db2.T3_CREBRD
	</select>
	
	<!-- 크리에이터 승인 -->
	<update id="updateStatusCreator" parameterType="hashmap">
		UPDATE T3_CREBRD
		SET
			CREYN = #{creatorStatus}
		WHERE id = #{id}
	</update>
	
	<!-- 크리에이터 거부 -->
	<update id="delYnCreator" parameterType="hashmap">
		UPDATE T3_CREBRD
		SET
			DELYN = 'Y'
		WHERE id = #{id}
	</update>
	
	<!-- 관리자 승인 리스트 -->
	<select id="userForAdmin" parameterType="hashmap" resultType="com.mini.model.User">
		SELECT 
			ID,
			CDATE,
			ADMINFLG
		FROM 
			mini_db2.T3_USER
			WHERE 1=1
		<if test="keyword != '' and keyword != null">
			AND ID LIKE CONCAT('%', #{keyword}, '%')
		</if>
		ORDER BY ADMINFLG DESC , ID
	</select>
	
	<!-- 관리자 승인 여부 -->
	<update id="recogAdmin" parameterType="hashmap">
		UPDATE T3_USER
		SET
			ADMINFLG = #{adminflg}
		WHERE id = #{id}
	</update>
	
	<!-- 관리자 수 -->
	<select id="adminCnt" parameterType="hashmap" resultType="int">
		SELECT COUNT(*)
			
		FROM 
			mini_db2.T3_USER
		WHERE ADMINFLG = 'Y'
	</select>
	

	<!-- 게시글 관리 리스트 -->
	<select id="adminBoardList" parameterType="hashmap" resultType="com.mini.model.Board">
	
		SELECT 
			TBNO,
			BTITLE,
			ID,
			BRDFLG,
			KIND,
			DELYN
		FROM T3_TBRD
	</select>
	
	<!-- 게시글 관리 블라인드 -->
	<update id="adminBoardBlind" parameterType="hashmap">
		UPDATE T3_TBRD
		SET
			DELYN = #{bstatus}
		WHERE id = #{id}
	</update>
	
	
</mapper>